{
  "timestamp": "2025-09-22T06:34:53.144664",
  "libraries": {
    "deepcaptcha": {
      "generation_time": {
        "mean": 0.007753291130065918,
        "std": 0.0018584521035337166,
        "min": 0.00516510009765625,
        "max": 0.014695405960083008,
        "raw_data": [
          0.011290788650512695,
          0.013160943984985352,
          0.010076761245727539,
          0.014695405960083008,
          0.01117086410522461,
          0.006995201110839844,
          0.008217811584472656,
          0.008362293243408203,
          0.008206605911254883,
          0.0071642398834228516,
          0.0070056915283203125,
          0.007268667221069336,
          0.006179094314575195,
          0.0075225830078125,
          0.006213665008544922,
          0.008144140243530273,
          0.009238958358764648,
          0.00919032096862793,
          0.006998777389526367,
          0.009217262268066406,
          0.00618290901184082,
          0.008198261260986328,
          0.009244441986083984,
          0.008220911026000977,
          0.008006811141967773,
          0.0071828365325927734,
          0.0066738128662109375,
          0.006000518798828125,
          0.009217262268066406,
          0.00516510009765625,
          0.007355690002441406,
          0.006000995635986328,
          0.007227420806884766,
          0.007252216339111328,
          0.006000518798828125,
          0.007190227508544922,
          0.006182670593261719,
          0.007010221481323242,
          0.00620579719543457,
          0.006185770034790039,
          0.007512807846069336,
          0.00620579719543457,
          0.008149385452270508,
          0.006211996078491211,
          0.005998849868774414,
          0.006182432174682617,
          0.006000041961669922,
          0.00818014144897461,
          0.008250236511230469,
          0.00794839859008789
        ]
      },
      "memory_usage": {
        "mean": 60784.64,
        "std": 166855.7403920708,
        "raw_data": [
          1155072,
          49152,
          45056,
          73728,
          49152,
          32768,
          32768,
          40960,
          36864,
          16384,
          57344,
          65536,
          28672,
          32768,
          106496,
          24576,
          28672,
          28672,
          0,
          36864,
          65536,
          16384,
          24576,
          28672,
          24576,
          8192,
          348160,
          12288,
          114688,
          8192,
          8192,
          4096,
          16384,
          12288,
          12288,
          0,
          20480,
          86016,
          16384,
          12288,
          4096,
          110592,
          16384,
          8192,
          0,
          98304,
          4096,
          0,
          12288,
          4096
        ]
      },
      "iterations": 50
    },
    "captcha": {
      "generation_time": {
        "mean": 0.0049230861663818355,
        "std": 0.0027884889482958823,
        "min": 0.002000093460083008,
        "max": 0.023220539093017578,
        "raw_data": [
          0.023220539093017578,
          0.006509542465209961,
          0.005074739456176758,
          0.00545191764831543,
          0.005206108093261719,
          0.005998373031616211,
          0.0042285919189453125,
          0.004000425338745117,
          0.004261493682861328,
          0.006003856658935547,
          0.004189491271972656,
          0.0039997100830078125,
          0.004184246063232422,
          0.003997325897216797,
          0.003999948501586914,
          0.004201650619506836,
          0.00400233268737793,
          0.0052449703216552734,
          0.004001617431640625,
          0.0039997100830078125,
          0.00621795654296875,
          0.005503416061401367,
          0.0039958953857421875,
          0.0029997825622558594,
          0.005007266998291016,
          0.005991935729980469,
          0.004224538803100586,
          0.0060024261474609375,
          0.004996299743652344,
          0.00400090217590332,
          0.00423121452331543,
          0.00500178337097168,
          0.004193782806396484,
          0.0039997100830078125,
          0.0052487850189208984,
          0.004999399185180664,
          0.004224061965942383,
          0.003999233245849609,
          0.005004405975341797,
          0.004198551177978516,
          0.004002571105957031,
          0.0031690597534179688,
          0.004004716873168945,
          0.004508256912231445,
          0.0052378177642822266,
          0.0039997100830078125,
          0.0052258968353271484,
          0.0029964447021484375,
          0.005191802978515625,
          0.002000093460083008
        ]
      },
      "memory_usage": {
        "mean": 15892.48,
        "std": 83904.83382203718,
        "raw_data": [
          593920,
          45056,
          0,
          8192,
          0,
          0,
          4096,
          8192,
          4096,
          0,
          0,
          4096,
          4096,
          0,
          0,
          12288,
          0,
          0,
          4096,
          0,
          0,
          0,
          0,
          8192,
          0,
          0,
          0,
          0,
          0,
          0,
          0,
          0,
          0,
          4096,
          0,
          0,
          0,
          0,
          4096,
          0,
          40960,
          4096,
          0,
          20480,
          0,
          4096,
          12288,
          0,
          8192,
          0
        ]
      },
      "iterations": 50
    }
  },
  "comparisons": {},
  "feature_matrix": {
    "DeepCaptcha": {
      "color_modes": true,
      "configurable_blur": true,
      "strike_lines": true,
      "noise_density_control": true,
      "shear_distortion": true,
      "professional_fonts": true,
      "type_hints": true,
      "documentation": true,
      "customizable_dimensions": true,
      "background_dots": true
    },
    "captcha_library": {
      "color_modes": false,
      "configurable_blur": false,
      "strike_lines": false,
      "noise_density_control": false,
      "shear_distortion": true,
      "professional_fonts": false,
      "type_hints": false,
      "documentation": false,
      "customizable_dimensions": true,
      "background_dots": true
    }
  }
}