{
  "timestamp": "2025-09-22T06:45:38.473317",
  "libraries": {
    "deepcaptcha": {
      "generation_time": {
        "mean": 0.007620749473571778,
        "std": 0.0033467627074461074,
        "min": 0.0,
        "max": 0.0167086124420166,
        "raw_data": [
          0.0167086124420166,
          0.014655113220214844,
          0.006003856658935547,
          0.007741451263427734,
          0.0,
          0.005454063415527344,
          0.008619070053100586,
          0.008388519287109375,
          0.008063077926635742,
          0.00881338119506836,
          0.008325815200805664,
          0.008273124694824219,
          0.0,
          0.008179426193237305,
          0.008301496505737305,
          0.008241653442382812,
          0.008474111557006836,
          0.008317232131958008,
          0.008347034454345703,
          0.008377313613891602,
          0.006861448287963867,
          0.0,
          0.008242130279541016,
          0.008150100708007812,
          0.01151728630065918,
          0.004855155944824219,
          0.008079051971435547,
          0.008427858352661133,
          0.008324146270751953,
          0.008208990097045898,
          0.008208990097045898,
          0.008263826370239258,
          0.008595466613769531,
          0.008128643035888672,
          0.0,
          0.01409769058227539,
          0.0020089149475097656,
          0.009767532348632812,
          0.00688481330871582,
          0.00801396369934082,
          0.008266448974609375,
          0.0,
          0.008292198181152344,
          0.008283376693725586,
          0.008270740509033203,
          0.008748769760131836,
          0.008285284042358398,
          0.008253812789916992,
          0.008215904235839844,
          0.00850057601928711
        ]
      },
      "memory_usage": {
        "mean": 51609.6,
        "std": 125602.79182650457,
        "raw_data": [
          835584,
          233472,
          204800,
          40960,
          32768,
          45056,
          36864,
          32768,
          204800,
          28672,
          28672,
          16384,
          16384,
          16384,
          106496,
          118784,
          16384,
          32768,
          12288,
          20480,
          20480,
          16384,
          16384,
          110592,
          4096,
          16384,
          4096,
          8192,
          12288,
          4096,
          8192,
          12288,
          98304,
          4096,
          0,
          4096,
          20480,
          8192,
          0,
          0,
          8192,
          8192,
          0,
          4096,
          0,
          4096,
          4096,
          0,
          12288,
          90112
        ]
      },
      "iterations": 50
    },
    "captcha": {
      "generation_time": {
        "mean": 0.004467182159423828,
        "std": 0.003886349639146953,
        "min": 0.0,
        "max": 0.012255191802978516,
        "raw_data": [
          0.009870767593383789,
          0.003958702087402344,
          0.0,
          0.0044329166412353516,
          0.0,
          0.005783557891845703,
          0.005089759826660156,
          0.005174875259399414,
          0.0,
          0.008309125900268555,
          0.0,
          0.008249044418334961,
          0.004996538162231445,
          0.00775456428527832,
          0.004076957702636719,
          0.0,
          0.00787210464477539,
          0.0,
          0.010552406311035156,
          0.005807399749755859,
          0.0,
          0.008603096008300781,
          0.0052874088287353516,
          0.0024874210357666016,
          0.008634328842163086,
          0.0,
          0.007903814315795898,
          0.0,
          0.00817728042602539,
          0.0,
          0.008042573928833008,
          0.0,
          0.011110067367553711,
          0.005129098892211914,
          0.0,
          0.0,
          0.008189201354980469,
          0.008016347885131836,
          0.0,
          0.00844120979309082,
          0.004205942153930664,
          0.003535747528076172,
          0.0,
          0.008463144302368164,
          0.0,
          0.008503198623657227,
          0.0,
          0.012255191802978516,
          0.004445314407348633,
          0.0
        ]
      },
      "memory_usage": {
        "mean": 18595.84,
        "std": 68134.40213474829,
        "raw_data": [
          413696,
          24576,
          0,
          0,
          12288,
          28672,
          0,
          24576,
          12288,
          0,
          0,
          0,
          28672,
          0,
          0,
          4096,
          8192,
          0,
          8192,
          0,
          0,
          4096,
          0,
          4096,
          0,
          8192,
          0,
          4096,
          0,
          0,
          0,
          0,
          0,
          4096,
          0,
          0,
          0,
          4096,
          0,
          262144,
          0,
          28672,
          4096,
          0,
          0,
          20480,
          12288,
          0,
          4096,
          4096
        ]
      },
      "iterations": 50
    },
    "claptcha": {
      "generation_time": {
        "mean": 0,
        "std": 0,
        "min": 0,
        "max": 0,
        "raw_data": []
      },
      "memory_usage": {
        "mean": 0,
        "std": 0,
        "raw_data": []
      },
      "iterations": 0,
      "error": "No successful generations"
    },
    "wheezy": {
      "generation_time": {
        "mean": 0,
        "std": 0,
        "min": 0,
        "max": 0,
        "raw_data": []
      },
      "memory_usage": {
        "mean": 0,
        "std": 0,
        "raw_data": []
      },
      "iterations": 0,
      "error": "No successful generations"
    }
  },
  "comparisons": {},
  "feature_matrix": {
    "DeepCaptcha": {
      "color_modes": true,
      "configurable_blur": true,
      "strike_lines": true,
      "noise_density_control": true,
      "shear_distortion": true,
      "professional_fonts": true,
      "type_hints": true,
      "documentation": true,
      "customizable_dimensions": true,
      "background_dots": true,
      "ease_of_use": true,
      "error_handling": true
    },
    "captcha_library": {
      "color_modes": false,
      "configurable_blur": false,
      "strike_lines": false,
      "noise_density_control": false,
      "shear_distortion": true,
      "professional_fonts": false,
      "type_hints": false,
      "documentation": false,
      "customizable_dimensions": true,
      "background_dots": true,
      "ease_of_use": true,
      "error_handling": false
    },
    "claptcha": {
      "color_modes": false,
      "configurable_blur": false,
      "strike_lines": false,
      "noise_density_control": false,
      "shear_distortion": false,
      "professional_fonts": false,
      "type_hints": false,
      "documentation": false,
      "customizable_dimensions": true,
      "background_dots": false,
      "ease_of_use": false,
      "error_handling": false
    },
    "wheezy_captcha": {
      "color_modes": false,
      "configurable_blur": false,
      "strike_lines": false,
      "noise_density_control": true,
      "shear_distortion": true,
      "professional_fonts": false,
      "type_hints": false,
      "documentation": true,
      "customizable_dimensions": true,
      "background_dots": true,
      "ease_of_use": false,
      "error_handling": true
    }
  }
}